n	d	method	lam	func_name	total_qubits	raw_depth	decomp_depth	cnot_count	t_count_estimate	unique_2q_pairs	max_2q_pairs	connectivity_density	max_fanout	verified	verification_passed	build_time_s	transpile_time_s	verify_time_s	error
2	2	naive	0	bijection	4	11	62	36	42	5	6	0.8333	3	True	True	0.000	0.342	0.001	
2	2	naive	0	identity	4	7	42	24	28	5	6	0.8333	3	True	True	0.000	0.001	0.000	
2	2	naive	0	constant	4	13	82	48	56	5	6	0.8333	3	True	True	0.000	0.001	0.001	
2	2	selectswap	1	bijection	6	23	125	74	84	7	15	0.4667	3	True	True	0.000	0.001	0.001	
2	2	selectswap	1	identity	6	19	85	50	56	7	15	0.4667	3	True	True	0.000	0.001	0.001	
2	2	selectswap	1	constant	6	27	165	98	112	7	15	0.4667	3	True	True	0.000	0.001	0.001	
2	2	selectswap	2	bijection	8	21	59	46	28	11	28	0.3929	4	True	True	0.000	0.001	0.001	
2	2	selectswap	2	identity	8	17	55	42	28	11	28	0.3929	4	True	True	0.000	0.001	0.001	
2	2	selectswap	2	constant	8	25	63	50	28	12	28	0.4286	4	True	True	0.000	0.001	0.001	
2	2	selectswap	4	bijection	12	13	103	98	84	20	66	0.3030	8	True	True	0.000	0.001	0.004	
2	2	selectswap	4	identity	12	13	103	98	84	20	66	0.3030	8	True	True	0.000	0.001	0.003	
2	2	selectswap	4	constant	12	13	103	98	84	20	66	0.3030	8	True	True	0.000	0.001	0.004	
2	3	naive	0	bijection	5	13	82	48	56	7	10	0.7000	4	True	True	0.000	0.001	0.001	
2	3	naive	0	identity	5	7	42	24	28	5	10	0.5000	3	True	True	0.000	0.001	0.000	
2	3	naive	0	constant	5	17	122	72	84	7	10	0.7000	4	True	True	0.000	0.001	0.001	
2	3	selectswap	1	bijection	8	27	165	99	112	10	28	0.3571	4	True	True	0.000	0.001	0.002	
2	3	selectswap	1	identity	8	19	85	51	56	8	28	0.2857	3	True	True	0.000	0.001	0.001	
2	3	selectswap	1	constant	8	35	245	147	168	10	28	0.3571	4	True	True	0.000	0.001	0.002	
2	3	selectswap	2	bijection	11	27	79	67	42	17	55	0.3091	6	True	True	0.000	0.001	0.004	
2	3	selectswap	2	identity	11	19	71	59	42	15	55	0.2727	6	True	True	0.000	0.001	0.003	
2	3	selectswap	2	constant	11	35	87	75	42	18	55	0.3273	6	True	True	0.000	0.001	0.004	
2	3	selectswap	4	bijection	17	17	135	147	126	30	136	0.2206	12	True	True	0.000	0.001	0.161	
2	3	selectswap	4	identity	17	17	135	147	126	30	136	0.2206	12	True	True	0.000	0.002	0.120	
2	3	selectswap	4	constant	17	17	135	147	126	30	136	0.2206	12	True	True	0.000	0.002	0.171	
2	4	naive	0	bijection	6	13	82	48	56	7	15	0.4667	4	True	True	0.000	0.002	0.001	
2	4	naive	0	identity	6	7	42	24	28	5	15	0.3333	3	True	True	0.000	0.001	0.001	
2	4	naive	0	constant	6	21	162	96	112	9	15	0.6000	5	True	True	0.000	0.002	0.001	
2	4	selectswap	1	bijection	10	27	165	100	112	11	45	0.2444	4	True	True	0.000	0.001	0.003	
2	4	selectswap	1	identity	10	19	85	52	56	9	45	0.2000	3	True	True	0.000	0.001	0.002	
2	4	selectswap	1	constant	10	43	325	196	224	13	45	0.2889	5	True	True	0.000	0.001	0.004	
2	4	selectswap	2	bijection	14	29	95	84	56	21	91	0.2308	8	True	True	0.000	0.001	0.018	
2	4	selectswap	2	identity	14	21	87	76	56	19	91	0.2088	8	True	True	0.000	0.001	0.013	
2	4	selectswap	2	constant	14	45	111	100	56	24	91	0.2637	8	True	True	0.000	0.001	0.027	
2	4	selectswap	4	bijection	22	21	167	196	168	40	231	0.1732	16	True	True	0.000	0.002	16.741	
2	4	selectswap	4	identity	22	21	167	196	168	40	231	0.1732	16	True	True	0.000	0.005	12.170	
2	4	selectswap	4	constant	22	21	167	196	168	40	231	0.1732	16	True	True	0.000	0.002	24.463	
2	5	naive	0	bijection	7	13	82	48	56	7	21	0.3333	4	True	True	0.000	0.002	0.002	
2	5	naive	0	identity	7	7	42	24	28	5	21	0.2381	3	True	True	0.000	0.001	0.001	
2	5	naive	0	constant	7	25	202	120	140	11	21	0.5238	6	True	True	0.000	0.001	0.001	
2	5	selectswap	1	bijection	12	27	165	101	112	12	66	0.1818	4	True	True	0.000	0.002	0.006	
2	5	selectswap	1	identity	12	19	85	53	56	10	66	0.1515	3	True	True	0.000	0.002	0.005	
2	5	selectswap	1	constant	12	51	405	245	280	16	66	0.2424	6	True	True	0.000	0.002	0.008	
2	5	selectswap	2	bijection	17	31	111	101	70	25	136	0.1838	10	True	True	0.000	0.001	0.173	
2	5	selectswap	2	identity	17	23	103	93	70	23	136	0.1691	10	True	True	0.000	0.002	0.135	
2	5	selectswap	2	constant	17	55	135	125	70	30	136	0.2206	10	True	True	0.000	0.002	0.341	
2	5	selectswap	4	bijection	27	25	199	245	210	50	351	0.1425	20	False	False	0.000	0.003	0.000	
2	5	selectswap	4	identity	27	25	199	245	210	50	351	0.1425	20	False	False	0.000	0.002	0.000	
2	5	selectswap	4	constant	27	25	199	245	210	50	351	0.1425	20	False	False	0.000	0.002	0.000	
2	6	naive	0	bijection	8	13	82	48	56	7	28	0.2500	4	True	True	0.000	0.001	0.001	
2	6	naive	0	identity	8	7	42	24	28	5	28	0.1786	3	True	True	0.000	0.002	0.001	
2	6	naive	0	constant	8	29	242	144	168	13	28	0.4643	7	True	True	0.000	0.002	0.002	
2	6	selectswap	1	bijection	14	27	165	102	112	13	91	0.1429	4	True	True	0.000	0.002	0.022	
2	6	selectswap	1	identity	14	19	85	54	56	11	91	0.1209	3	True	True	0.000	0.001	0.018	
2	6	selectswap	1	constant	14	59	485	294	336	19	91	0.2088	7	True	True	0.000	0.002	0.034	
2	6	selectswap	2	bijection	20	33	127	118	84	29	190	0.1526	12	True	True	0.000	0.002	3.215	
2	6	selectswap	2	identity	20	25	119	110	84	27	190	0.1421	12	True	True	0.000	0.002	2.535	
2	6	selectswap	2	constant	20	65	159	150	84	36	190	0.1895	12	True	True	0.000	0.002	5.988	
2	6	selectswap	4	bijection	32	29	231	294	252	60	496	0.1210	24	False	False	0.000	0.003	0.000	
2	6	selectswap	4	identity	32	29	231	294	252	60	496	0.1210	24	False	False	0.000	0.002	0.000	
2	6	selectswap	4	constant	32	29	231	294	252	60	496	0.1210	24	False	False	0.000	0.002	0.000	
2	7	naive	0	bijection	9	13	82	48	56	7	36	0.1944	4	True	True	0.000	0.001	0.001	
2	7	naive	0	identity	9	7	42	24	28	5	36	0.1389	3	True	True	0.000	0.001	0.001	
2	7	naive	0	constant	9	33	282	168	196	15	36	0.4167	8	True	True	0.000	0.002	0.002	
2	7	selectswap	1	bijection	16	27	165	103	112	14	120	0.1167	4	True	True	0.000	0.002	0.086	
2	7	selectswap	1	identity	16	19	85	55	56	12	120	0.1000	3	True	True	0.000	0.002	0.066	
2	7	selectswap	1	constant	16	67	565	343	392	22	120	0.1833	8	True	True	0.000	0.002	0.134	
2	7	selectswap	2	bijection	23	35	143	135	98	33	253	0.1304	14	True	True	0.000	0.027	28.849	
2	7	selectswap	2	identity	23	27	135	127	98	31	253	0.1225	14	True	True	0.000	0.002	22.878	
2	7	selectswap	2	constant	23	75	183	175	98	42	253	0.1660	14	True	True	0.000	0.002	59.232	
2	7	selectswap	4	bijection	37	33	263	343	294	70	666	0.1051	28	False	False	0.000	0.002	0.000	
2	7	selectswap	4	identity	37	33	263	343	294	70	666	0.1051	28	False	False	0.000	0.002	0.000	
2	7	selectswap	4	constant	37	33	263	343	294	70	666	0.1051	28	False	False	0.000	0.002	0.000	
2	8	naive	0	bijection	10	13	82	48	56	7	45	0.1556	4	True	True	0.000	0.001	0.001	
2	8	naive	0	identity	10	7	42	24	28	5	45	0.1111	3	True	True	0.000	0.001	0.001	
2	8	naive	0	constant	10	37	322	192	224	17	45	0.3778	9	True	True	0.000	0.001	0.003	
2	8	selectswap	1	bijection	18	27	165	104	112	15	153	0.0980	4	True	True	0.000	0.002	0.388	
2	8	selectswap	1	identity	18	19	85	56	56	13	153	0.0850	3	True	True	0.000	0.002	0.338	
2	8	selectswap	1	constant	18	75	645	392	448	25	153	0.1634	9	True	True	0.000	0.003	0.763	
2	8	selectswap	2	bijection	26	37	159	152	112	37	325	0.1138	16	False	False	0.000	0.002	0.000	
2	8	selectswap	2	identity	26	29	151	144	112	35	325	0.1077	16	False	False	0.000	0.001	0.000	
2	8	selectswap	2	constant	26	85	207	200	112	48	325	0.1477	16	False	False	0.000	0.002	0.000	
2	8	selectswap	4	bijection	42	37	295	392	336	80	861	0.0929	32	False	False	0.000	0.002	0.000	
2	8	selectswap	4	identity	42	37	295	392	336	80	861	0.0929	32	False	False	0.000	0.002	0.000	
2	8	selectswap	4	constant	42	37	295	392	336	80	861	0.0929	32	False	False	0.000	0.002	0.000	
3	2	naive	0	bijection	5	24	303	162	168	10	10	1.0000	4	True	True	0.001	0.006	0.035	
3	2	naive	0	identity	5	16	206	110	112	10	10	1.0000	4	True	True	0.000	0.004	0.023	
3	2	naive	0	constant	5	28	414	222	224	10	10	1.0000	4	True	True	0.001	0.007	0.046	
3	2	selectswap	1	bijection	7	49	523	282	336	15	21	0.7143	5	True	True	0.001	0.008	0.075	
3	2	selectswap	1	identity	7	41	361	194	224	15	21	0.7143	5	True	True	0.001	0.006	0.051	
3	2	selectswap	1	constant	7	57	667	362	448	15	21	0.7143	5	True	True	0.001	0.009	0.098	
3	2	selectswap	2	bijection	9	39	287	178	196	15	36	0.4167	5	True	True	0.000	0.002	0.006	
3	2	selectswap	2	identity	9	31	207	130	140	15	36	0.4167	5	True	True	0.000	0.002	0.005	
3	2	selectswap	2	constant	9	47	367	226	252	17	36	0.4722	5	True	True	0.000	0.002	0.007	
3	2	selectswap	4	bijection	13	39	129	122	84	26	78	0.3333	8	True	True	0.000	0.002	0.018	
3	2	selectswap	4	identity	13	31	121	114	84	24	78	0.3077	8	True	True	0.000	0.001	0.015	
3	2	selectswap	4	constant	13	47	137	130	84	28	78	0.3590	8	True	True	0.000	0.001	0.021	
3	2	selectswap	8	bijection	21	23	193	226	196	44	210	0.2095	16	True	True	0.000	0.002	20.981	
3	2	selectswap	8	identity	21	23	193	226	196	44	210	0.2095	16	True	True	0.000	0.002	16.618	
3	2	selectswap	8	constant	21	23	193	226	196	44	210	0.2095	16	True	True	0.000	0.003	24.796	
3	3	naive	0	bijection	6	28	400	214	224	15	15	1.0000	5	True	True	0.001	0.007	0.047	
3	3	naive	0	identity	6	22	284	152	168	15	15	1.0000	5	True	True	0.001	0.006	0.035	
3	3	naive	0	constant	6	36	618	332	336	14	15	0.9333	5	True	True	0.001	0.010	0.071	
3	3	selectswap	1	bijection	9	57	667	363	448	20	36	0.5556	6	True	True	0.001	0.009	0.120	
3	3	selectswap	1	identity	9	49	514	279	336	20	36	0.5556	6	True	True	0.001	0.007	0.089	
3	3	selectswap	1	constant	9	73	955	523	672	20	36	0.5556	6	True	True	0.002	0.013	0.177	
3	3	selectswap	2	bijection	12	49	383	243	266	23	66	0.3485	6	True	True	0.000	0.002	0.019	
3	3	selectswap	2	identity	12	41	303	195	210	23	66	0.3485	6	True	True	0.000	0.002	0.016	
3	3	selectswap	2	constant	12	65	543	339	378	25	66	0.3788	7	True	True	0.000	0.002	0.024	
3	3	selectswap	4	bijection	18	51	169	179	126	38	153	0.2484	12	True	True	0.000	0.002	1.146	
3	3	selectswap	4	identity	18	43	161	171	126	38	153	0.2484	12	True	True	0.000	0.002	0.944	
3	3	selectswap	4	constant	18	67	185	195	126	42	153	0.2745	12	True	True	0.000	0.002	1.338	
3	3	selectswap	8	bijection	30	31	257	339	294	66	435	0.1517	24	False	False	0.000	0.002	0.000	
3	3	selectswap	8	identity	30	31	257	339	294	66	435	0.1517	24	False	False	0.000	0.002	0.000	
3	3	selectswap	8	constant	30	31	257	339	294	66	435	0.1517	24	False	False	0.000	0.002	0.000	
3	4	naive	0	bijection	7	32	458	246	280	21	21	1.0000	6	True	True	0.001	0.006	0.062	
3	4	naive	0	identity	7	22	200	108	168	16	21	0.7619	6	True	True	0.001	0.003	0.037	
3	4	naive	0	constant	7	44	822	442	448	18	21	0.8571	6	True	True	0.001	0.013	0.096	
3	4	selectswap	1	bijection	11	65	811	444	560	25	55	0.4545	7	True	True	0.002	0.011	0.268	
3	4	selectswap	1	identity	11	49	514	280	336	21	55	0.3818	6	True	True	0.001	0.007	0.162	
3	4	selectswap	1	constant	11	89	1243	684	896	25	55	0.4545	7	True	True	0.002	0.016	0.421	
3	4	selectswap	2	bijection	15	59	479	308	336	31	105	0.2952	8	True	True	0.000	0.002	0.150	
3	4	selectswap	2	identity	15	43	319	212	224	27	105	0.2571	8	True	True	0.000	0.002	0.115	
3	4	selectswap	2	constant	15	83	719	452	504	33	105	0.3143	9	True	True	0.000	0.003	0.203	
3	4	selectswap	4	bijection	23	63	209	236	168	52	253	0.2055	16	True	True	0.000	0.002	98.789	
3	4	selectswap	4	identity	23	47	193	220	168	48	253	0.1897	16	True	True	0.000	0.002	75.204	
3	4	selectswap	4	constant	23	87	233	260	168	56	253	0.2213	16	True	True	0.000	0.002	133.543	
3	4	selectswap	8	bijection	39	39	321	452	392	88	741	0.1188	32	False	False	0.001	0.003	0.000	
3	4	selectswap	8	identity	39	39	321	452	392	88	741	0.1188	32	False	False	0.000	0.002	0.000	
3	4	selectswap	8	constant	39	39	321	452	392	88	741	0.1188	32	False	False	0.000	0.002	0.000	
3	5	naive	0	bijection	8	32	325	178	280	23	28	0.8214	7	True	True	0.001	0.003	0.067	
3	5	naive	0	identity	8	22	200	108	168	16	28	0.5714	6	True	True	0.001	0.003	0.040	
3	5	naive	0	constant	8	52	1026	552	560	22	28	0.7857	7	True	True	0.002	0.014	0.129	
3	5	selectswap	1	bijection	13	65	811	445	560	26	78	0.3333	7	True	True	0.002	0.012	0.998	
3	5	selectswap	1	identity	13	49	514	281	336	22	78	0.2821	6	True	True	0.001	0.007	0.363	
3	5	selectswap	1	constant	13	105	1531	845	1120	30	78	0.3846	8	True	True	0.003	0.052	1.857	
3	5	selectswap	2	bijection	18	61	495	325	350	35	153	0.2288	10	True	True	0.000	0.002	1.602	
3	5	selectswap	2	identity	18	45	335	229	238	31	153	0.2026	10	True	True	0.000	0.002	1.166	
3	5	selectswap	2	constant	18	101	895	565	630	41	153	0.2680	11	True	True	0.000	0.003	2.372	
3	5	selectswap	4	bijection	28	67	241	285	210	62	378	0.1640	20	False	False	0.000	0.003	0.000	
3	5	selectswap	4	identity	28	51	225	269	210	58	378	0.1534	20	False	False	0.000	0.002	0.000	
3	5	selectswap	4	constant	28	107	281	325	210	70	378	0.1852	20	False	False	0.000	0.002	0.000	
3	5	selectswap	8	bijection	48	47	385	565	490	110	1128	0.0975	40	False	False	0.000	0.003	0.000	
3	5	selectswap	8	identity	48	47	385	565	490	110	1128	0.0975	40	False	False	0.000	0.003	0.000	
3	5	selectswap	8	constant	48	47	385	565	490	110	1128	0.0975	40	False	False	0.000	0.003	0.000	
3	6	naive	0	bijection	9	32	325	178	280	23	36	0.6389	7	True	True	0.001	0.003	0.077	
3	6	naive	0	identity	9	22	200	108	168	16	36	0.4444	6	True	True	0.001	0.003	0.046	
3	6	naive	0	constant	9	60	1230	662	672	26	36	0.7222	8	True	True	0.002	0.018	0.179	
3	6	selectswap	1	bijection	15	65	811	446	560	27	105	0.2571	7	True	True	0.002	0.012	2.697	
3	6	selectswap	1	identity	15	49	514	282	336	23	105	0.2190	6	True	True	0.001	0.007	1.621	
3	6	selectswap	1	constant	15	121	1819	1006	1344	35	105	0.3333	9	True	True	0.003	0.024	6.154	
3	6	selectswap	2	bijection	21	63	511	342	364	39	210	0.1857	12	True	True	0.000	0.003	26.673	
3	6	selectswap	2	identity	21	47	351	246	252	35	210	0.1667	12	True	True	0.000	0.003	21.425	
3	6	selectswap	2	constant	21	119	1071	678	756	49	210	0.2333	13	True	True	0.000	0.004	44.323	
3	6	selectswap	4	bijection	33	71	273	334	252	72	528	0.1364	24	False	False	0.000	0.002	0.000	
3	6	selectswap	4	identity	33	55	257	318	252	68	528	0.1288	24	False	False	0.000	0.002	0.000	
3	6	selectswap	4	constant	33	127	329	390	252	84	528	0.1591	24	False	False	0.000	0.002	0.000	
3	6	selectswap	8	bijection	57	55	449	678	588	132	1596	0.0827	48	False	False	0.000	0.003	0.000	
3	6	selectswap	8	identity	57	55	449	678	588	132	1596	0.0827	48	False	False	0.000	0.003	0.000	
3	6	selectswap	8	constant	57	55	449	678	588	132	1596	0.0827	48	False	False	0.001	0.003	0.000	
3	7	naive	0	bijection	10	32	325	178	280	23	45	0.5111	7	True	True	0.001	0.003	0.093	
3	7	naive	0	identity	10	22	200	108	168	16	45	0.3556	6	True	True	0.001	0.003	0.057	
3	7	naive	0	constant	10	68	1434	772	784	30	45	0.6667	9	True	True	0.002	0.019	0.249	
3	7	selectswap	1	bijection	17	65	811	447	560	28	136	0.2059	7	True	True	0.002	0.012	11.880	
3	7	selectswap	1	identity	17	49	514	283	336	24	136	0.1765	6	True	True	0.001	0.008	7.609	
3	7	selectswap	1	constant	17	137	2107	1167	1568	40	136	0.2941	10	True	True	0.004	0.028	32.264	
3	7	selectswap	2	bijection	24	65	527	359	378	43	276	0.1558	14	True	True	0.000	0.003	241.106	
3	7	selectswap	2	identity	24	49	367	263	266	39	276	0.1413	14	True	True	0.000	0.004	196.663	
3	7	selectswap	2	constant	24	137	1247	791	882	57	276	0.2065	15	True	True	0.001	0.003	435.610	
3	7	selectswap	4	bijection	38	75	305	383	294	82	703	0.1166	28	False	False	0.000	0.004	0.000	
3	7	selectswap	4	identity	38	59	289	367	294	78	703	0.1110	28	False	False	0.000	0.002	0.000	
3	7	selectswap	4	constant	38	147	377	455	294	98	703	0.1394	28	False	False	0.000	0.002	0.000	
3	7	selectswap	8	bijection	66	63	513	791	686	154	2145	0.0718	56	False	False	0.000	0.003	0.000	
3	7	selectswap	8	identity	66	63	513	791	686	154	2145	0.0718	56	False	False	0.000	0.003	0.000	
3	7	selectswap	8	constant	66	63	513	791	686	154	2145	0.0718	56	False	False	0.001	0.003	0.000	
3	8	naive	0	bijection	11	32	325	178	280	23	55	0.4182	7	True	True	0.001	0.003	0.135	
3	8	naive	0	identity	11	22	200	108	168	16	55	0.2909	6	True	True	0.001	0.003	0.081	
3	8	naive	0	constant	11	76	1638	882	896	34	55	0.6182	10	True	True	0.002	0.021	0.463	
3	8	selectswap	1	bijection	19	65	811	448	560	29	171	0.1696	7	True	True	0.002	0.011	59.564	
3	8	selectswap	1	identity	19	49	514	284	336	25	171	0.1462	6	True	True	0.001	0.008	38.141	
3	8	selectswap	1	constant	19	153	2395	1328	1792	45	171	0.2632	11	True	True	0.005	0.034	193.054	
3	8	selectswap	2	bijection	27	67	543	376	392	47	351	0.1339	16	False	False	0.000	0.003	0.000	
3	8	selectswap	2	identity	27	51	383	280	280	43	351	0.1225	16	False	False	0.000	0.002	0.000	
3	8	selectswap	2	constant	27	155	1423	904	1008	65	351	0.1852	17	False	False	0.000	0.003	0.000	
3	8	selectswap	4	bijection	43	79	337	432	336	92	903	0.1019	32	False	False	0.000	0.002	0.000	
3	8	selectswap	4	identity	43	63	321	416	336	88	903	0.0975	32	False	False	0.000	0.003	0.000	
3	8	selectswap	4	constant	43	167	425	520	336	112	903	0.1240	32	False	False	0.001	0.002	0.000	
3	8	selectswap	8	bijection	75	71	577	904	784	176	2775	0.0634	64	False	False	0.001	0.003	0.000	
3	8	selectswap	8	identity	75	71	577	904	784	176	2775	0.0634	64	False	False	0.000	0.004	0.000	
3	8	selectswap	8	constant	75	71	577	904	784	176	2775	0.0634	64	False	False	0.001	0.003	0.000	
4	2	naive	0	bijection	6	51	1465	864	672	14	15	0.9333	5	True	True	0.001	0.018	0.132	
4	2	naive	0	identity	6	35	953	576	448	14	15	0.9333	5	True	True	0.001	0.015	0.091	
4	2	naive	0	constant	6	59	1897	1152	896	14	15	0.9333	5	True	True	0.001	0.025	0.176	
4	2	selectswap	1	bijection	8	103	1811	946	1344	10	28	0.3571	5	True	True	0.002	0.017	0.406	
4	2	selectswap	1	identity	8	87	1247	650	896	10	28	0.3571	5	True	True	0.002	0.012	0.238	
4	2	selectswap	1	constant	8	119	2291	1202	1792	10	28	0.3571	5	True	True	0.003	0.020	0.434	
4	2	selectswap	2	bijection	10	77	997	554	700	23	45	0.5111	7	True	True	0.002	0.014	0.519	
4	2	selectswap	2	identity	10	61	709	394	476	23	45	0.5111	7	True	True	0.001	0.010	0.308	
4	2	selectswap	2	constant	10	93	1285	714	924	26	45	0.5778	7	True	True	0.002	0.019	0.644	
4	2	selectswap	4	bijection	14	69	585	386	420	33	91	0.3626	8	True	True	0.000	0.003	0.249	
4	2	selectswap	4	identity	14	53	425	290	308	29	91	0.3187	8	True	True	0.000	0.002	0.194	
4	2	selectswap	4	constant	14	85	745	482	532	37	91	0.4066	9	True	True	0.001	0.003	0.296	
4	2	selectswap	8	bijection	22	73	243	274	196	56	231	0.2424	16	True	True	0.001	0.002	109.776	
4	2	selectswap	8	identity	22	57	227	258	196	52	231	0.2251	16	True	True	0.000	0.003	86.352	
4	2	selectswap	8	constant	22	89	259	290	196	60	231	0.2597	16	True	True	0.000	0.003	129.823	
4	2	selectswap	16	bijection	38	41	347	482	420	92	703	0.1309	32	False	False	0.000	0.003	0.000	
4	2	selectswap	16	identity	38	41	347	482	420	92	703	0.1309	32	False	False	0.000	0.002	0.000	
4	2	selectswap	16	constant	38	41	347	482	420	92	703	0.1309	32	False	False	0.000	0.002	0.000	
4	3	naive	0	bijection	7	59	1553	814	896	15	21	0.7143	6	True	True	0.001	0.012	0.182	
4	3	naive	0	identity	7	47	1174	616	672	15	21	0.7143	6	True	True	0.001	0.010	0.140	
4	3	naive	0	constant	7	75	2354	1240	1344	15	21	0.7143	6	True	True	0.002	0.018	0.270	
4	3	selectswap	1	bijection	10	119	2291	1203	1792	13	45	0.2889	6	True	True	0.003	0.021	0.619	
4	3	selectswap	1	identity	10	103	1769	927	1344	13	45	0.2889	6	True	True	0.002	0.016	0.403	
4	3	selectswap	1	constant	10	151	3251	1715	2688	13	45	0.2889	6	True	True	0.004	0.028	0.774	
4	3	selectswap	2	bijection	13	95	1301	731	938	33	78	0.4231	9	True	True	0.002	0.017	2.855	
4	3	selectswap	2	identity	13	79	1013	571	714	33	78	0.4231	9	True	True	0.002	0.013	2.041	
4	3	selectswap	2	constant	13	127	1877	1051	1386	36	78	0.4615	9	True	True	0.004	0.025	3.920	
4	3	selectswap	4	bijection	19	89	777	531	574	47	171	0.2749	12	True	True	0.000	0.003	9.775	
4	3	selectswap	4	identity	19	73	617	435	462	47	171	0.2749	12	True	True	0.000	0.003	7.834	
4	3	selectswap	4	constant	19	121	1097	723	798	55	171	0.3216	13	True	True	0.000	0.003	12.261	
4	3	selectswap	8	bijection	31	97	323	403	294	82	465	0.1763	24	False	False	0.000	0.003	0.000	
4	3	selectswap	8	identity	31	81	307	387	294	78	465	0.1677	24	False	False	0.000	0.002	0.000	
4	3	selectswap	8	constant	31	129	355	435	294	90	465	0.1935	24	False	False	0.000	0.002	0.000	
4	3	selectswap	16	bijection	55	57	475	723	630	138	1485	0.0929	48	False	False	0.000	0.003	0.000	
4	3	selectswap	16	identity	55	57	475	723	630	138	1485	0.0929	48	False	False	0.001	0.004	0.000	
4	3	selectswap	16	constant	55	57	475	723	630	138	1485	0.0929	48	False	False	0.001	0.003	0.000	
4	4	naive	0	bijection	8	67	1891	1006	1120	22	28	0.7857	7	True	True	0.002	0.016	0.254	
4	4	naive	0	identity	8	57	1463	786	896	22	28	0.7857	7	True	True	0.002	0.015	0.198	
4	4	naive	0	constant	8	91	3138	1648	1792	22	28	0.7857	7	True	True	0.002	0.023	0.484	
4	4	selectswap	1	bijection	12	135	2771	1460	2240	16	66	0.2424	7	True	True	0.003	0.026	2.860	
4	4	selectswap	1	identity	12	119	2270	1194	1792	16	66	0.2424	7	True	True	0.003	0.020	2.656	
4	4	selectswap	1	constant	12	183	4211	2228	3584	16	66	0.2424	7	True	True	0.005	0.039	3.923	
4	4	selectswap	2	bijection	16	113	1605	908	1176	43	120	0.3583	11	True	True	0.003	0.021	22.302	
4	4	selectswap	2	identity	16	97	1317	748	952	43	120	0.3583	11	True	True	0.003	0.021	16.501	
4	4	selectswap	2	constant	16	161	2469	1388	1848	46	120	0.3833	11	True	True	0.005	0.035	32.473	
4	4	selectswap	4	bijection	24	109	969	676	728	65	276	0.2355	16	True	True	0.000	0.003	690.507	
4	4	selectswap	4	identity	24	93	809	580	616	65	276	0.2355	16	True	True	0.001	0.006	613.418	
4	4	selectswap	4	constant	24	157	1449	964	1064	73	276	0.2645	17	True	True	0.001	0.007	949.105	
4	4	selectswap	8	bijection	40	121	403	532	392	108	780	0.1385	32	False	False	0.001	0.005	0.000	
4	4	selectswap	8	identity	40	105	387	516	392	108	780	0.1385	32	False	False	0.000	0.003	0.000	
4	4	selectswap	8	constant	40	169	451	580	392	120	780	0.1538	32	False	False	0.001	0.002	0.000	
4	4	selectswap	16	bijection	72	73	603	964	840	184	2556	0.0720	64	False	False	0.001	0.004	0.000	
4	4	selectswap	16	identity	72	73	603	964	840	184	2556	0.0720	64	False	False	0.001	0.005	0.000	
4	4	selectswap	16	constant	72	73	603	964	840	184	2556	0.0720	64	False	False	0.001	0.004	0.000	
4	5	naive	0	bijection	9	75	2153	1148	1344	30	36	0.8333	8	True	True	0.002	0.019	0.327	
4	5	naive	0	identity	9	57	1260	670	896	28	36	0.7778	8	True	True	0.127	0.012	0.217	
4	5	naive	0	constant	9	107	3922	2056	2240	30	36	0.8333	8	True	True	0.003	0.027	0.525	
4	5	selectswap	1	bijection	14	151	3251	1717	2688	19	91	0.2088	8	True	True	0.004	0.029	5.465	
4	5	selectswap	1	identity	14	119	2270	1195	1792	17	91	0.1868	7	True	True	0.003	0.020	3.731	
4	5	selectswap	1	constant	14	215	5171	2741	4480	19	91	0.2088	8	True	True	0.006	0.048	8.931	
4	5	selectswap	2	bijection	19	131	1909	1085	1414	53	171	0.3099	13	True	True	0.004	0.024	260.282	
4	5	selectswap	2	identity	19	99	1333	765	966	47	171	0.2749	13	True	True	0.003	0.017	175.297	
4	5	selectswap	2	constant	19	195	3061	1725	2310	56	171	0.3275	13	True	True	0.006	0.141	453.919	
4	5	selectswap	4	bijection	29	129	1161	821	882	83	406	0.2044	20	False	False	0.001	0.004	0.000	
4	5	selectswap	4	identity	29	97	841	629	658	75	406	0.1847	20	False	False	0.000	0.003	0.000	
4	5	selectswap	4	constant	29	193	1801	1205	1330	91	406	0.2241	21	False	False	0.001	0.004	0.000	
4	5	selectswap	8	bijection	49	145	483	661	490	138	1176	0.1173	40	False	False	0.001	0.003	0.000	
4	5	selectswap	8	identity	49	113	451	629	490	130	1176	0.1105	40	False	False	0.000	0.002	0.000	
4	5	selectswap	8	constant	49	209	547	725	490	150	1176	0.1276	40	False	False	0.001	0.003	0.000	
4	5	selectswap	16	bijection	89	89	731	1205	1050	230	3916	0.0587	80	False	False	0.001	0.005	0.000	
4	5	selectswap	16	identity	89	89	731	1205	1050	230	3916	0.0587	80	False	False	0.001	0.006	0.000	
4	5	selectswap	16	constant	89	89	731	1205	1050	230	3916	0.0587	80	False	False	0.001	0.004	0.000	
4	6	naive	0	bijection	10	75	1806	964	1344	37	45	0.8222	9	True	True	0.002	0.017	0.394	
4	6	naive	0	identity	10	57	668	358	896	32	45	0.7111	9	True	True	0.001	0.007	0.267	
4	6	naive	0	constant	10	123	4706	2464	2688	37	45	0.8222	9	True	True	0.004	0.033	0.878	
4	6	selectswap	1	bijection	16	151	3251	1718	2688	20	120	0.1667	8	True	True	0.004	0.030	22.802	
4	6	selectswap	1	identity	16	119	2270	1196	1792	18	120	0.1500	7	True	True	0.003	0.020	15.807	
4	6	selectswap	1	constant	16	247	6131	3254	5376	22	120	0.1833	9	True	True	0.007	0.059	48.242	
